"","measure","Year","Waterway_1","Waterway_2","Waterway_3","Waterway_4"
"1","1,2,3-Trichlorobenzene",2008,"-0.0282492443617763","0","0","0"
"2","1,2,3-Trichlorobenzene",2009,"0","0","0","0"
"3","1,2,4-Trichlorobenzene",2008,"0","0","0","0"
"4","1,2,4-Trichlorobenzene",2009,"0","0","0","0"
"5","Acenaphthene",2008,"0.293374598513122","0","0","0"
"6","Acenaphthene",2009,"0","0","0","0"
"7","Acenaphthylene",2008,"0","0","0","0"
"8","Acenaphthylene",2009,"0","0","0","0"
"9","AGOC-3A",2014,"0.507777275360374","0.331084186424606","0","0"
"10","AGOC-3A",2015,"1.3648551913457","0.49979617326292","0","0"
"11","AGOC-3A",2016,"6.03119460504344","100+","0","0"
"12","Alachlor",2005,"100+","100+","0","0"
"13","Alachlor",2006,"0.254134513837862","100+","0","0"
"14","Alachlor",2007,"0.431290138681117","0.868041194476807","0","0"
"15","Alachlor",2009,"0.153145208700764","0.101307189542484","0","0"
"16","Aldrin",2005,"100+","100+","0","0"
"17","Aldrin",2006,"100+","0.525961059021528","0","0"
"18","Aldrin",2007,"0.437646573393194","0.387639434082705","0","0"
"19","Aldrin",2008,"0.061100301752952","0.232655502392345","0","0"
"20","Aldrin",2009,"-0.00923076923076923","-0.186666666666667","0","0"
"21","alpha-Hexachlorocyclohexane",2005,"100+","100+","0","0"
"22","alpha-Hexachlorocyclohexane",2006,"0.26440225531373","0.533321194242398","0","0"
"23","alpha-Hexachlorocyclohexane",2007,"0.324925991753275","0.544317449003835","0","0"
"24","alpha-Hexachlorocyclohexane",2012,"0.333333333333333","0","0","0"
"25","Aluminium",2008,"-0.0247690808093443","0.0118491459396425","0","0"
"26","Aluminium",2009,"0.650571946613815","0.470752284079294","0","0"
"27","Aluminium",2010,"0.0191613616672165","0.185861153661563","0","0"
"28","Aluminium",2014,"-0.333333332758621","0","0","0"
"29","Ammonium",1998,"0.0709347590339967","0.121391557930932","0","0"
"30","Ammonium",1999,"0.328206897118919","0.683275442168507","0","0"
"31","Ammonium",2000,"0.777000595398864","0.992930184331499","0","0"
"32","Ammonium",2001,"0.184676348088752","0.121860291233954","0","0"
"33","Ammonium",2002,"0.404523276035609","1.66212370940014","0","0"
"34","Ammonium",2003,"0.257945341966054","0.399053567184297","0","0"
"35","Ammonium",2004,"50.3893740842118","14.8326829603149","0","0"
"36","Ammonium",2005,"31.9357403227923","12.6366651231491","0","0"
"37","Ammonium",2006,"0.447149966199956","1.02539991279164","0","0"
"38","Ammonium",2007,"0.26989402923447","0.514382116707458","0","0"
"39","Ammonium",2008,"0.544079333556342","0.476085143398919","0","0"
"40","Ammonium",2009,"0.230028823472616","0.610238328009126","9.27889844188845","0.411927843342519"
"41","Ammonium",2010,"0.466475386462548","1.61881765606833","3.30202118925783","4.98688384447946"
"42","Ammonium",2011,"0.198079192975665","19.5278787364305","0.513325029257349","0.191777591240451"
"43","Ammonium",2012,"29.741932503344","76.2125290607056","1.52013565389918","45.10233395158"
"44","Ammonium",2013,"26.7247533209019","32.723950935437","7.47518931942421","69.271813767146"
"45","Ammonium",2014,"25.8021263536282","32.6892958124954","7.21948843481419","100+"
"46","Ammonium",2015,"24.357527826019","24.3471355531256","0.330000110573142","100+"
"47","Ammonium",2016,"30.7654776774114","38.3307711225938","4.24124144236554","0.180163347193208"
"48","Anionic active surfactants",1999,"19.0622002134187","66.4148941798942","0","0"
"49","Anionic active surfactants",2000,"18.3150055047731","31.2380813326537","0","0"
"50","Anionic active surfactants",2001,"29.3948404624583","0.175457482880001","0","0"
"51","Anionic active surfactants",2002,"0.523160173160173","-0.0446666666666667","0","0"
"52","Anionic active surfactants",2003,"0.0154292968531959","28.9289261005383","0","0"
"53","Anionic active surfactants",2004,"5.1860584338634","0","0","0"
"54","Anionic active surfactants",2005,"2.27688967855839","0.276705986102972","0","0"
"55","Anionic active surfactants",2006,"0.158766352268266","0.237420305055786","0","0"
"56","Anionic active surfactants",2007,"0.216939245815085","0.375026867917363","0","0"
"57","Anionic active surfactants",2008,"0.0291769405564576","0.0518693051569796","0","0"
"58","Anionic active surfactants",2009,"0.0526763950731002","0.0913133841413342","33.4876266559454","-0.0311063218390805"
"59","Anionic active surfactants",2010,"0.0654792383296588","0.0360018528389421","0.855346526956792","0.0644656372028541"
"60","Anionic active surfactants",2011,"-0.0639864714893977","-0.110960031560003","100+","-0.090633608815427"
"61","Anionic active surfactants",2012,"0","100+","100+","0"
"62","Anionic active surfactants",2013,"38.060153141957","0","100+","0"
"63","Anionic active surfactants",2014,"85.5099308699873","0","100+","0"
"64","Anionic active surfactants",2015,"100+","0","-0.0832881906825569","0"
"65","Anionic active surfactants",2016,"35.389532454179","-0.0433503836317135","0","100+"
"66","Anthracene",2008,"0.13489431887357","0","0","0"
"67","Anthracene",2009,"-0.00152670095231813","0","-0.4999875","0"
"68","AOX",1998,"0","0","0","0"
"69","AOX",2008,"100+","100+","0","0"
"70","AOX",2009,"-0.0256410254693509","-0.0416666664968351","0","0"
"71","AOX",2010,"100+","0","0","0"
"72","AOX",2013,"0.0421079588643815","0","0","0"
"73","AOX",2016,"-0.013604192405453","0","0","0"
"74","Arsenic",1998,"0","0","0","0"
"75","Arsenic",2004,"100+","100+","0","0"
"76","Arsenic",2008,"100+","100+","0","0"
"77","Arsenic",2009,"0.101270564120399","0.101922881193962","0","-0.251231527093596"
"78","Arsenic",2010,"0.0663392282151035","0.0600935762847234","0","0"
"79","Arsenic",2011,"100+","100+","0","0.333333333333333"
"80","Arsenic",2012,"100+","100+","0","0"
"81","Arsenic",2013,"100+","100+","0","0"
"82","Arsenic",2014,"100+","0.0115546752644612","0","0.0749650665783674"
"83","Arsenic",2015,"0.0421412823502607","0.0396012136298514","100+","0.223753710127866"
"84","Arsenic",2016,"0.0253007384677076","0.00351686889825715","0","0.00419255657916161"
"85","Atrazine",1998,"0","0","0","0"
"86","Atrazine",1999,"0","100+","0","0"
"87","Atrazine",2000,"100+","100+","0","0"
"88","Atrazine",2001,"0.0772486772486772","0.0905797101449275","0","0"
"89","Atrazine",2002,"-0.0480765384615385","-0.0769225","0","0"
"90","Atrazine",2003,"0","0","0","0"
"91","Atrazine",2004,"100+","100+","0","0"
"92","Atrazine",2005,"100+","100+","0","0"
"93","Atrazine",2006,"0.177432994660767","0.331620808791687","0","0"
"94","Atrazine",2007,"0.0309522116829429","0.0377944034990302","0","0"
"95","Atrazine",2008,"0.407407407407407","0.396396396396396","0","0"
"96","Atrazine",2009,"0","0","0","0"
"97","Atrazine",2010,"0","0","0","0"
"98","Atrazine",2012,"-0.230769184615385","-0.285714228571429","0","0"
"99","Atrazine",2013,"-0.0204081591836735","0","0","0"
"100","Atrazine",2014,"100+","100+","0","0"
"101","Atrazine",2015,"0","0","-0.0833331666666667","0"
"102","Atrazine",2016,"0","0","0","0"
"103","Barium",2008,"0.0804744904139163","0.0722303420555936","0","0"
"104","Barium",2009,"0.263900880979681","0.297279987369585","0","0"
"105","Barium",2012,"-0.084766562460528","-0.0835986833049958","0","0"
"106","Benzo(a)anthracene",2008,"0.0188665477552184","0","0","0"
"107","Benzo(a)anthracene",2009,"-0.00245098039215686","0","0.75","0"
"108","Benzo(a)pyrene",2003,"0","0","0","0"
"109","Benzo(a)pyrene",2008,"0.192062956124154","0","0","0"
"110","Benzo(a)pyrene",2009,"-0.0588176470588235","-0.6666","0","0"
"111","Benzo(b)fluoranthene",2003,"0","0","0","0"
"112","Benzo(b)fluoranthene",2008,"0.235084450614707","0","0","0"
"113","Benzo(b)fluoranthene",2009,"-0.0588176470588235","8.33336785714286","0.05","0"
"114","Benzo(g,h,i)perylene",2003,"0","0","0","0"
"115","Benzo(g,h,i)perylene",2009,"1","1.33333333333333","0","0"
"116","Benzo(k)fluoranthene",2003,"0","0","0","0"
"117","Benzo(k)fluoranthene",2008,"0.191866379503747","0","0","0"
"118","Benzo(k)fluoranthene",2009,"-0.0588176470588235","-0.6666","-0.0454545454545455","0"
"119","Berilium",2012,"0","0","0","0"
"120","beta-Hexaxchlorocyclohexane",2005,"100+","100+","0","0"
"121","beta-Hexaxchlorocyclohexane",2006,"0.592557255373186","0.83532798468574","0","0"
"122","beta-Hexaxchlorocyclohexane",2007,"0.0433076670009978","-0.0259588478431948","0","0"
"123","Bicarbonates",1999,"-0.0138261053896583","0.00915714423112216","0","0"
"124","Bicarbonates",2000,"0.0135719359499713","0.0123602939173056","0","0"
"125","Bicarbonates",2001,"0.0135925471994445","-0.00184596795842704","0","0"
"126","Bicarbonates",2002,"0.0190514825989552","0.0368847002720053","0","0"
"127","Bicarbonates",2003,"0.0241633480802942","0.0344791113049941","0","0"
"128","Bicarbonates",2004,"0.0153661261625384","0.166860002847544","0","0"
"129","Bicarbonates",2005,"0.0171561688767354","0.0769241070939307","0","0"
"130","Bicarbonates",2006,"0.00534392347318311","0.00988373340091131","0","0"
"131","Bicarbonates",2007,"0.0119369059758255","0.00616836059458867","0","0"
"132","Bicarbonates",2008,"0.00573535326418729","0.00747755953831352","0","0"
"133","Bicarbonates",2009,"0.00775851244750304","0.00963570835839515","0.0120514581053785","0.0816371138134374"
"134","Bicarbonates",2010,"0.00329421078563372","0","0.00836685465322967","0"
"135","Bicarbonates",2011,"-0.000402561094312067","-0.00393791725453797","0.0164031613548492","0.0486835650195174"
"136","Bicarbonates",2012,"0.00171580552731104","0","0.00894148356577237","0"
"137","Bicarbonates",2013,"0.0143561667502611","0","0.174507970800837","0"
"138","Bicarbonates",2014,"0.00549444720193335","0.0154320109933901","0.0690201094340996","0.0105481497170924"
"139","Bicarbonates",2015,"0.00485750277545342","0.00282722945927327","0.0453009753836572","0.0522758955720002"
"140","Bicarbonates",2016,"0.00173887396116055","-0.0044799849934678","0.0145059933670136","-0.00071860321029053"
"141","Biochemical Oxygen",1998,"0.00568032906132216","0.00499349364121522","0","0"
"142","Biochemical Oxygen",1999,"100+","0.0450403248961597","0","0"
"143","Biochemical Oxygen",2000,"0.0251927085461895","0.0350246334399066","0","0"
"144","Biochemical Oxygen",2001,"0.0262043643483011","-0.00355778186718202","0","0"
"145","Biochemical Oxygen",2002,"0.0952615203696224","0.0562617245301427","0","0"
"146","Biochemical Oxygen",2003,"0.100756616669354","0.05305834675748","0","0"
"147","Biochemical Oxygen",2004,"0.0627189665018932","0.0781146082606772","0","0"
"148","Biochemical Oxygen",2005,"58.876601644543","0.0904544273358307","0","0"
"149","Biochemical Oxygen",2006,"0.090199889949972","0.16008869733852","0","0"
"150","Biochemical Oxygen",2007,"0.060431873291477","0.129327026575354","0","0"
"151","Biochemical Oxygen",2008,"0.0635110058873845","100+","0","0"
"152","Biochemical Oxygen",2009,"0.0347187334585368","0.0462527026219081","100+","0.0482665970078733"
"153","Biochemical Oxygen",2010,"0.033917457577441","0.253311255387873","0.178050343774022","0.17028885052581"
"154","Biochemical Oxygen",2011,"100+","100+","0.367513261860575","0.133294671011011"
"155","Biochemical Oxygen",2012,"100+","100+","0.496309144271464","0.189741044046219"
"156","Biochemical Oxygen",2013,"100+","100+","0.509020975209627","0.127422323983754"
"157","Biochemical Oxygen",2014,"100+","100+","0.380262114652412","0.0991917522493148"
"158","Biochemical Oxygen",2015,"100+","100+","0.756277884971969","0.453290808170858"
"159","Biochemical Oxygen",2016,"0.0604068369281775","70.3920498019134","1.86603034045783","0.13806019191447"
"160","Boron",2012,"-0.0657550889418669","0.0369484316852738","0","0"
"161","Cadmium",1998,"100+","0.118351428379482","0","0"
"162","Cadmium",1999,"100+","100+","0","0"
"163","Cadmium",2000,"7.08787910052726","2.22599961664265","0","0"
"164","Cadmium",2001,"2.40149012901654","1.32745816316261","0","0"
"165","Cadmium",2002,"0.863881456485491","0.346775456680082","0","0"
"166","Cadmium",2003,"1.59308916053682","1.27885588111596","0","0"
"167","Cadmium",2004,"100+","0.780980011725597","0","0"
"168","Cadmium",2005,"2.34567870815296","3.68071310974946","0","0"
"169","Cadmium",2006,"2.42584115402762","1.18507544170021","0","0"
"170","Cadmium",2007,"2.087217264669","1.27323198757805","0","0"
"171","Cadmium",2008,"1.95821939582343","0.502301564207066","0","0"
"172","Cadmium",2009,"0.00753386380699022","0.67209895897757","0","0"
"173","Cadmium",2010,"0.858393512105605","0.0295492790853489","0.222222222222222","11.2666666666667"
"174","Cadmium",2011,"100+","100+","0","5.71563610112237"
"175","Cadmium",2012,"100+","100+","0","100+"
"176","Cadmium",2013,"100+","-0.0833333","0","100+"
"177","Cadmium",2014,"100+","100+","0","100+"
"178","Cadmium",2015,"100+","100+","0","0.201464646464646"
"179","Cadmium",2016,"100+","100+","0","0"
"180","Calcium",1998,"0.00712244329918662","0.00146648613879737","0","0"
"181","Calcium",1999,"0.0208723578007257","0.0209443209618456","0","0"
"182","Calcium",2000,"0.00167471927154194","0.00620332661195473","0","0"
"183","Calcium",2001,"0.0120915951357116","1.033064752518e-05","0","0"
"184","Calcium",2002,"0.0108648703137869","0.00325835889306013","0","0"
"185","Calcium",2003,"0.0199863669588172","0.0442108136419114","0","0"
"186","Calcium",2004,"0.0302199104305055","0.0235226483694351","0","0"
"187","Calcium",2005,"0.0176741482770551","0.0308500307093146","0","0"
"188","Calcium",2006,"0.0194630123854201","0.0129949058333318","0","0"
"189","Calcium",2007,"0.00876377964030342","0.0228743615992863","0","0"
"190","Calcium",2008,"0.00571083787540427","0.0105983677865685","0","0"
"191","Calcium",2009,"0.0072641606246747","0.0076808369406193","0","0.0531710007455058"
"192","Calcium",2010,"0.012038977403076","0.020462703516655","0","0.0456666312913122"
"193","Calcium",2011,"0.560139320570586","0.00796731682909047","0","0.101259941572821"
"194","Calcium",2012,"0.0123161789095295","0.00304377589660622","0","0.023595407648343"
"195","Calcium",2013,"0.0134139724883421","0.0197538830183557","0.150838779989896","0.0360021395047724"
"196","Calcium",2014,"0.00986062654486142","0.0123301664777379","0.096621542785881","0.0883603461816693"
"197","Calcium",2015,"0.0084169655407313","0.00215726378945842","0.0197575362424396","0.0481699991054462"
"198","Calcium",2016,"0.033860277088799","0.00867935615280875","0.0165587424553343","-0.00060884079466195"
"199","Carbonates",2005,"-0.0632911418442556","0.0171636970831794","0","0"
"200","Carbonates",2007,"-0.238753817082266","-0.340149303509875","0","0"
"201","Carbonates",2008,"0.0388993153650857","0.0484242713232843","0","0"
"202","Carbonates",2015,"0","0","0","0"
"203","Cesium",1998,"100+","0","0","0"
"204","Chemical Oxygen Demand (Cr)",1998,"100+","100+","0","0"
"205","Chemical Oxygen Demand (Cr)",1999,"100+","100+","0","0"
"206","Chemical Oxygen Demand (Cr)",2000,"0.0468164461364291","0.0818175473798787","0","0"
"207","Chemical Oxygen Demand (Cr)",2001,"0.0389100991957491","0.0308546999626822","0","0"
"208","Chemical Oxygen Demand (Cr)",2002,"0.0643390314395812","0.082464771452697","0","0"
"209","Chemical Oxygen Demand (Cr)",2003,"0.0788606672847241","0.225494685106496","0","0"
"210","Chemical Oxygen Demand (Cr)",2004,"0.0225489898893666","0.0319766964157568","0","0"
"211","Chemical Oxygen Demand (Cr)",2005,"100+","0","0","0"
"212","Chemical Oxygen Demand (Cr)",2006,"0.101574188442658","0.137565735526256","0","0"
"213","Chemical Oxygen Demand (Cr)",2007,"0.0213811914197532","0.034078749858088","0","0"
"214","Chemical Oxygen Demand (Cr)",2008,"0.00784383572116011","0.0232904139485321","0","0"
"215","Chemical Oxygen Demand (Cr)",2009,"0.0124998147025186","0.0372616817897061","0.191259766744974","0.138436815385048"
"216","Chemical Oxygen Demand (Cr)",2010,"0.0191751640697381","0.0361317858959316","0.224786407060715","0.118432759579913"
"217","Chemical Oxygen Demand (Cr)",2011,"100+","100+","0.0778905282441361","0.0491952637712696"
"218","Chemical Oxygen Demand (Cr)",2012,"100+","100+","0.529809503697908","100+"
"219","Chemical Oxygen Demand (Cr)",2013,"0.00913018113400493","100+","1.26467948363645","0.425847825790945"
"220","Chemical Oxygen Demand (Cr)",2014,"0.0143790987450459","100+","0.943639680713705","0.197725621182162"
"221","Chemical Oxygen Demand (Cr)",2015,"0.0314485531129092","0.0478500584645372","1.04777816937078","0.0103416777786517"
"222","Chemical Oxygen Demand (Cr)",2016,"0.0171242869467033","0.106685701206216","0.99248773354395","0.170131085410218"
"223","Chemical Oxygen Demand (Mn)",1998,"0.000779055243482362","0.0826380519221437","0","0"
"224","Chemical Oxygen Demand (Mn)",1999,"0.108318821297489","0.104325781290859","0","0"
"225","Chemical Oxygen Demand (Mn)",2000,"0.00877301808608471","0.00810037312693575","0","0"
"226","Chemical Oxygen Demand (Mn)",2001,"0.0346036415491138","0.00584026671450962","0","0"
"227","Chemical Oxygen Demand (Mn)",2002,"0.0446288555861717","0.0579049719896","0","0"
"228","Chemical Oxygen Demand (Mn)",2003,"0.0542061477047127","0.215319663745069","0","0"
"229","Chemical Oxygen Demand (Mn)",2004,"0.0280354843343552","0.0985818333845205","0","0"
"230","Chemical Oxygen Demand (Mn)",2005,"0.0293074853008532","0.0458152247693415","0","0"
"231","Chemical Oxygen Demand (Mn)",2006,"0.0470522855030868","0.246303351182025","0","0"
"232","Chemical Oxygen Demand (Mn)",2007,"0.0737508411840936","0.0451439225742008","0","0"
"233","Chemical Oxygen Demand (Mn)",2008,"0.0257044090282467","0.027008788543766","0","0"
"234","Chemical Oxygen Demand (Mn)",2009,"0.0207682055535618","100+","100+","0.059678079964536"
"235","Chemical Oxygen Demand (Mn)",2010,"0.0299409659421578","0.0430345170958016","0.121306376360809","0.111041456782491"
"236","Chemical Oxygen Demand (Mn)",2011,"0.0136583957881712","0.027910342775876","-0.16504854368932","-0.0114650435134181"
"237","Chemical Oxygen Demand (Mn)",2012,"0.0419940526769025","0.125828934413014","0","0.228686305943504"
"238","Chemical Oxygen Demand (Mn)",2013,"0.0217313815117899","0.0581207548974525","0.101041652470649","0.120035138738292"
"239","Chemical Oxygen Demand (Mn)",2014,"0.0424730494365872","0.141012719781385","0.262779983759074","0.127030717764717"
"240","Chemical Oxygen Demand (Mn)",2015,"0.0343745114001831","0.0418647263887367","0.0278204578865732","0.186276699848513"
"241","Chemical Oxygen Demand (Mn)",2016,"0.0155655785221366","0.0615206259180268","0.247233512978693","0.110762085281065"
"242","Chlorides",1998,"0.00457105197728551","-0.0206567200509892","0","0"
"243","Chlorides",1999,"0.0480618064195106","0.0588841651245561","0","0"
"244","Chlorides",2000,"0.0069952384740193","0.0152883385963468","0","0"
"245","Chlorides",2001,"0.0223673579549854","0.0131491813769551","0","0"
"246","Chlorides",2002,"0.0335048628911976","0.161231348337357","0","0"
"247","Chlorides",2003,"0.0158945821143465","0.0194153214598165","0","0"
"248","Chlorides",2004,"0.0190875260300414","0.0176760011922766","0","0"
"249","Chlorides",2005,"0.0370000739952479","0.199899857529458","0","0"
"250","Chlorides",2006,"0.0118451633081552","100+","0","0"
"251","Chlorides",2007,"0.0347658242230502","0.0258554160622885","0","0"
"252","Chlorides",2008,"0.0125052344575994","0.0171610676744066","0","0"
"253","Chlorides",2009,"0.0191343993951711","0.0523036704490115","-0.0189005070029891","0.865790784986575"
"254","Chlorides",2010,"0.00672741492395673","0.0272493259072678","0.0819245073196072","0.181741727971019"
"255","Chlorides",2011,"0.0121359365367901","0.0383134966248751","-0.00417580051111084","0.291425627271311"
"256","Chlorides",2012,"0.0274002342184613","0.0459729601321053","0.0684193550286742","0.131317379971151"
"257","Chlorides",2013,"0.0312221329693365","0.267841829284822","0.143545094645906","0.3381791328951"
"258","Chlorides",2014,"0.00144007769194046","0.143981357041142","0.0413654314079867","0.314144366761603"
"259","Chlorides",2015,"0.0278118717730984","0.117793017306452","-0.00220620807042616","0.250362376389111"
"260","Chlorides",2016,"0.0316376489861227","0.057073345801434","0.048313131983205","-0.0123866629450074"
"261","Chlorodinine",2014,"0.0131848919314519","0.0168406394923664","0","0"
"262","Chlorodinine",2015,"0.0116000554204196","0.0133472933585904","0","0"
"263","Chlorodinine",2016,"100+","1.54954771213989","0","0"
"264","Chromium",1998,"100+","0.130809516392965","0","0"
"265","Chromium",1999,"0.220837598663846","0.419852443169266","0","0"
"266","Chromium",2000,"1.14855044760719","0.930523415733665","0","0"
"267","Chromium",2001,"0.466802813848109","0.180210693253069","0","0"
"268","Chromium",2002,"2.26264474236629","1.11647209829207","0","0"
"269","Chromium",2003,"1.45674344397909","1.52374410360144","0","0"
"270","Chromium",2004,"0.594216314275959","0.669100885752626","0","0"
"271","Chromium",2005,"0.765313041521271","0.994890819848653","0","0"
"272","Chromium",2006,"3.07615048103465","1.3485643932211","0","0"
"273","Chromium",2007,"0.773630008713794","0.707151563556122","0","0"
"274","Chromium",2008,"0.356052531154808","0.383031192969816","0","0"
"275","Chromium",2009,"0.44330077967059","100+","0.372619047619048","0.00383977907197722"
"276","Chromium",2010,"0.56329916162249","0.21260648015255","0.208733738108738","0.0128057548512094"
"277","Chromium",2011,"100+","100+","2.56","0.0936900727472687"
"278","Chromium",2012,"100+","100+","0","100+"
"279","Chromium",2013,"100+","0","0","100+"
"280","Chromium",2014,"100+","100+","0","100+"
"281","Chromium",2015,"100+","100+","0","100+"
"282","Chromium",2016,"0.13880689646321","0.146038760388665","0","0"
"283","Chrysene",2008,"0","0","0","0"
"284","Chrysene",2009,"0","0","0","0"
"285","Copper",1998,"100+","1.70583497456304","0","0"
"286","Copper",1999,"0.212082311468198","0.396301695390222","0","0"
"287","Copper",2000,"1.07326049574597","0.781207940619141","0","0"
"288","Copper",2001,"0.243145647210203","0.405826277208079","0","0"
"289","Copper",2002,"0.589823925019879","100+","0","0"
"290","Copper",2003,"4.07415239229811","1.2638157333224","0","0"
"291","Copper",2004,"0.448097940699348","0.366022102315566","0","0"
"292","Copper",2005,"1.68584237761357","0.645450883717137","0","0"
"293","Copper",2006,"2.0024666715768","2.66325837302585","0","0"
"294","Copper",2007,"0.319635335548169","0.269280367918128","0","0"
"295","Copper",2008,"0.196000584620385","0.115840986590883","0","0"
"296","Copper",2009,"0.163263433674176","0.3293083755199","-0.243081976248044","53.4260897435897"
"297","Copper",2010,"0.241611796237514","0.266929984298607","0.520369840647485","1.40492631575335"
"298","Copper",2011,"0.1872932641081","0.268540171004708","0.236928802660316","0.113323201620305"
"299","Copper",2012,"100+","0.161149466338538","-0.557713052858684","100+"
"300","Copper",2013,"0.0912162053121316","100+","0","0.409231804827551"
"301","Copper",2014,"0.225316727535828","0.254358233110793","0","0.119102817471935"
"302","Copper",2015,"0.0685637241228825","0.0744509223595239","0","0.29413305870826"
"303","Copper",2016,"0.082889594470472","0.10297555801372","0","0"
"304","Cyanides",2008,"0.0135157157469531","0.264168026686584","0","0"
"305","Cyanides",2009,"0.0254825185888309","0","0","0"
"306","Cyanides",2010,"0.0664583333333333","0.123116560056859","0","0.366657036040349"
"307","Cyanides",2011,"0","0","0","-0.0833333314564565"
"308","Cyanides",2012,"-0.499988430851064","-0.499989651639344","0","100+"
"309","Dieldrin",2005,"100+","100+","0","0"
"310","Dieldrin",2006,"2.26884657860022","2.94658512749283","0","0"
"311","Dieldrin",2007,"0.708371419428077","0.30858128889964","0","0"
"312","Dieldrin",2009,"0.666666666666667","1.33333333333333","0","0"
"313","Dissolved organic carbon",2008,"0.0510754959278159","-0.0193470814026395","0","0"
"314","Dissolved organic carbon",2014,"0","0","0.00982704454675486","0"
"315","Dissolved oxygen",1998,"0.010448094860961","-0.0055982787518573","0","0"
"316","Dissolved oxygen",1999,"100+","100+","0","0"
"317","Dissolved oxygen",2000,"0.0253511280839189","0.0250341728546592","0","0"
"318","Dissolved oxygen",2001,"0.0102356294871472","0.00284318885578822","0","0"
"319","Dissolved oxygen",2002,"0.00672038437883501","0.0146559119855549","0","0"
"320","Dissolved oxygen",2003,"0.0176826962286399","0.019336768268706","0","0"
"321","Dissolved oxygen",2004,"0.00639257031523453","0.014714659805067","0","0"
"322","Dissolved oxygen",2005,"0.00281048167941712","-0.00275802227355573","0","0"
"323","Dissolved oxygen",2006,"0.0370388035177809","0.0284263874267119","0","0"
"324","Dissolved oxygen",2007,"0.00684107526816989","0.00480177194663672","0","0"
"325","Dissolved oxygen",2008,"0.00783195893097318","0.00403541327712103","0","0"
"326","Dissolved oxygen",2009,"0.00374358124690337","0.010580922345584","0.0410953851973881","0.0159634627996936"
"327","Dissolved oxygen",2010,"0.0119493214673976","0.00723219461515207","0.0654205904996176","0.00382461417567486"
"328","Dissolved oxygen",2011,"0.00848898357607531","0.0101055413770263","0.00327496876644446","0.0515638713047573"
"329","Dissolved oxygen",2012,"0.00952520412782479","0.00333199908790904","0.00526294663658828","0.00595189462067866"
"330","Dissolved oxygen",2013,"0.0382431124248468","100+","0.140117225951399","0.00375531379961901"
"331","Dissolved oxygen",2014,"0.00805875412136036","0.00932426341450445","0.149303895526948","0.0248331552940945"
"332","Dissolved oxygen",2015,"0.0082079775321147","0.000252014188337569","0.0164337374626348","0.0214993882422634"
"333","Dissolved oxygen",2016,"0.0106963956851915","0.103725266878268","0.0276859932562844","0.00453759191556096"
"334","Dissolved silicates",2008,"0","0","0","0"
"335","Dissolved silicates",2009,"0","0.0445610972551589","0.202963580113233","0.0452625285484944"
"336","Dissolved silicates",2010,"0","0.0337391396258849","1.9513517232958","0.0698547485767241"
"337","Dissolved silicates",2011,"0","100+","0","0"
"338","Dissolved silicates",2013,"0.0303688594927327","0.0237870313746071","0","0"
"339","Dissolved silicates",2014,"0.0224499630224339","0.114100805335878","0","0.146926644611637"
"340","Dissolved silicates",2015,"0.00843824258238718","0.0908553591915222","0","0"
"341","Dissolved silicates",2016,"0","0.170087073555323","0","0"
"342","Endosulfan (alpha)",2005,"100+","100+","0","0"
"343","Endosulfan (alpha)",2006,"100+","100+","0","0"
"344","Endosulfan (alpha)",2007,"0.215853063211199","0.133349954736872","0","0"
"345","Endosulfan (beta)",2005,"100+","100+","0","0"
"346","Endosulfan (beta)",2006,"100+","100+","0","0"
"347","Endosulfan (beta)",2007,"0.553053129990085","0.384646156972856","0","0"
"348","Endrin",2005,"100+","100+","0","0"
"349","Endrin",2006,"2.99356603229878","3.99290142072496","0","0"
"350","Endrin",2007,"1.00191111444255","0.397663189219655","0","0"
"351","Endrin",2008,"0.228571428571429","0","0","0"
"352","Endrin",2009,"0.747692307692308","9.06666666666667","0","0"
"353","Fecal coliforms",1998,"7.75385660041181","51.2638227513227","0","0"
"354","Fecal coliforms",1999,"100+","17.277338526865","0","0"
"355","Fecal coliforms",2000,"7.50080828635444","7.89915121681116","0","0"
"356","Fecal coliforms",2001,"11.6934595604141","6.15595939094919","0","0"
"357","Fecal coliforms",2002,"4.06755228122539","12","0","0"
"358","Fecal coliforms",2003,"8.50468025560101","2.26236598713485","0","0"
"359","Fecal coliforms",2004,"2.71212829009143","0.224242424242424","0","0"
"360","Fecal coliforms",2005,"9.93481132777118","7.20127453768998","0","0"
"361","Fecal coliforms",2006,"0.971996940877438","0","0","0"
"362","Fecal coliforms",2007,"17.3058136570102","40.2890294102207","0","0"
"363","Fecal coliforms",2008,"48.6188537306766","86.8127971965027","0","0"
"364","Fecal coliforms",2009,"100+","100+","0","0"
"365","Fecal coliforms",2010,"5.44741412438047","0.11025641025641","0","0"
"366","Fecal coliforms",2011,"3.30011835227609","0","0","0"
"367","Fecal coliforms",2012,"1.01182594662473","0","0","0"
"368","Fecal coliforms",2013,"0.218736323312224","0","0","0"
"369","Fecal streptococci ",1999,"5.16678988662587","81.8582430555556","0","0"
"370","Fecal streptococci ",2000,"1.4906023873787","3.10566907549666","0","0"
"371","Fecal streptococci ",2001,"3.08222955360052","0.622065781440781","0","0"
"372","Fecal streptococci ",2002,"1.02460317460317","-0.475","0","0"
"373","Fecal streptococci ",2003,"100+","100+","0","0"
"374","Fecal streptococci ",2004,"7.25954968454197","0.363146997929607","0","0"
"375","Fecal streptococci ",2005,"24.8272864826338","1.3744696969697","0","0"
"376","Fecal streptococci ",2006,"33.724631508029","0","0","0"
"377","Fecal streptococci ",2007,"100+","100+","0","0"
"378","Fecal streptococci ",2008,"15.8224490058088","22.8244533089036","0","0"
"379","Fecal streptococci ",2009,"16.1745440372726","48.2042380459784","0","0"
"380","Fecal streptococci ",2010,"4.63073360011811","9.22484375527854","0","0"
"381","Fecal streptococci ",2011,"38.6238858882557","0","0","0"
"382","Fecal streptococci ",2012,"0.367447833760663","0","0","0"
"383","Fecal streptococci ",2013,"0.282628869735126","0","0","0"
"384","Fluoranthene",2003,"0","0","0","0"
"385","Fluoranthene",2008,"0.129497406906187","0","0","0"
"386","Fluoranthene",2009,"0.235294117647059","2.66666666666667","-0.25","0"
"387","Fluorene",2009,"0","0","0","0"
"388","gamma-Hexachlorocyclohexane",1998,"100+","100+","0","0"
"389","gamma-Hexachlorocyclohexane",1999,"1.17087676946699","1.38126633758829","0","0"
"390","gamma-Hexachlorocyclohexane",2000,"1.1718755427579","1.36805555555556","0","0"
"391","gamma-Hexachlorocyclohexane",2001,"0.41165495305982","0.636156733342857","0","0"
"392","gamma-Hexachlorocyclohexane",2002,"100+","100+","0","0"
"393","gamma-Hexachlorocyclohexane",2003,"100+","0.207623773913367","0","0"
"394","gamma-Hexachlorocyclohexane",2004,"100+","100+","0","0"
"395","gamma-Hexachlorocyclohexane",2005,"100+","100+","0","0"
"396","gamma-Hexachlorocyclohexane",2006,"0.573788066225368","0.450429995609211","0","0"
"397","gamma-Hexachlorocyclohexane",2007,"0.300211023437041","0.0631861637180786","0","0"
"398","gamma-Hexachlorocyclohexane",2008,"0.251378446115288","0.193274318274318","0","0"
"399","gamma-Hexachlorocyclohexane",2009,"0.0737654320987654","0.20952380952381","0","0"
"400","gamma-Hexachlorocyclohexane",2010,"0.0420353982300885","0.0104166666666667","0","0"
"401","gamma-Hexachlorocyclohexane",2012,"-0.230768769230769","-0.222221777777778","0","0"
"402","gamma-Hexachlorocyclohexane",2013,"-0.0206178694158076","0","0","0"
"403","gamma-Hexachlorocyclohexane",2014,"0","0","0","0"
"404","gamma-Hexachlorocyclohexane",2015,"0","0","-0.0833329166666667","0"
"405","gamma-Hexachlorocyclohexane",2016,"0","0","0","0"
"406","Heptachlor",2005,"100+","100+","0","0"
"407","Heptachlor",2006,"100+","0.162150685543401","0","0"
"408","Heptachlor",2007,"0.220011105172695","0.0440550688360451","0","0"
"409","Heptachloroepoxide",2005,"100+","0","0","0"
"410","Heptachloroepoxide",2006,"100+","100+","0","0"
"411","Heptachloroepoxide",2007,"0.0455209773906224","0","0","0"
"412","Hexachlorobenzene",2008,"0","0","0","0"
"413","Hexachlorobenzene",2009,"-0.0365384615384615","0","0","0"
"414","Indeno(1,2,3-c,d)pyrene",2003,"0","0","0","0"
"415","Indeno(1,2,3-c,d)pyrene",2009,"1","1.33333333333333","0","0"
"416","Inorganic nitrogen",2010,"0","0.0766295563833563","0.495837527075317","-0.0402687685973702"
"417","Inorganic nitrogen",2013,"0","0","0","0"
"418","Inorganic nitrogen",2015,"0","-0.873843566021867","0","0"
"419","Iron",1998,"55.9723932699189","-0.0790631141820671","0","0"
"420","Iron",1999,"100+","100+","0","0"
"421","Iron",2000,"0.26305582620039","0.0606100758819869","0","0"
"422","Iron",2001,"0.360487189628494","0.738771596871203","0","0"
"423","Iron",2002,"3.54260176078358","7.34208852697426","0","0"
"424","Iron",2003,"100+","100+","0","0"
"425","Iron",2004,"0.512623816919734","1.27153641671926","0","0"
"426","Iron",2005,"10.0016306298458","0.654686443618625","0","0"
"427","Iron",2006,"0.543914502387405","1.1477137497037","0","0"
"428","Iron",2007,"0.868948295980606","0.77068084461365","0","0"
"429","Iron",2008,"0.142387351974029","0.193399421809028","0","0"
"430","Iron",2009,"-0.00857988632224407","0.0170324510118648","100+","0.243818681318681"
"431","Iron",2010,"0.221682540442398","0.0295909473918071","0.294123203135587","0.598529716556984"
"432","Iron",2011,"0.129942596210888","0.00861419997701745","-0.0688109161793372","0.27490597615647"
"433","Iron",2012,"0.189717920349479","0.0838230481533427","0.174874250775579","0.693035672794504"
"434","Iron",2013,"0.102042978685866","0","0","0.745215962868643"
"435","Iron",2014,"0.231138048033139","100+","0","100+"
"436","Iron",2015,"100+","100+","0","0.121214111828404"
"437","Isodrin",2008,"0","0","0","0"
"438","Isodrin",2009,"-0.0376470588235294","0","0","0"
"439","Lead",1998,"100+","1.12814836119605","0","0"
"440","Lead",1999,"100+","1.3371234713322","0","0"
"441","Lead",2000,"0.291085389581224","0.227579174530031","0","0"
"442","Lead",2001,"0.419633190905177","0.500697532486842","0","0"
"443","Lead",2002,"2.92090240100809","1.90289434956835","0","0"
"444","Lead",2003,"0.707574722181586","0.88505841817548","0","0"
"445","Lead",2004,"0.794464536196771","0.42894588233157","0","0"
"446","Lead",2005,"1.41364754934225","2.97478193516175","0","0"
"447","Lead",2006,"1.91854466175559","4.03144315385082","0","0"
"448","Lead",2007,"2.1720160653337","0.763065092990214","0","0"
"449","Lead",2008,"0.142373888275574","0.128461740920971","0","0"
"450","Lead",2009,"0.218879869223277","0.135159778875682","0","43.3132183908046"
"451","Lead",2010,"0.167074715431315","0.093735094924706","0.528870673952641","0.840872941759792"
"452","Lead",2011,"0.0902056036881657","0.129020898494996","-0.999999970238095","3.3911028220381"
"453","Lead",2012,"100+","0.300265977443609","0","100+"
"454","Lead",2013,"100+","1.10374417249417","0","0.461415731752153"
"455","Lead",2014,"100+","0.347665382040105","0","100+"
"456","Lead",2015,"0.196993761996652","0.238017061176038","0","0.684365441194614"
"457","Lead",2016,"100+","100+","0","0"
"458","Magnesium",1998,"0.0350772063843135","0.0107160389796579","0","0"
"459","Magnesium",1999,"0.0575393173538722","0.0658381516043191","0","0"
"460","Magnesium",2000,"0.0702612365683325","0.0472766210376099","0","0"
"461","Magnesium",2001,"0.0734253145057105","0.0417272222133796","0","0"
"462","Magnesium",2002,"0.042744489081533","0.0941664008718539","0","0"
"463","Magnesium",2003,"0.0597035744764486","0.0462902189649265","0","0"
"464","Magnesium",2004,"0.0404392254090862","0.123526004349972","0","0"
"465","Magnesium",2005,"0.0330788220731945","0.095310632266566","0","0"
"466","Magnesium",2006,"0.0804282654885122","0.0908031655082877","0","0"
"467","Magnesium",2007,"0.0318117055615233","0.0134157758704971","0","0"
"468","Magnesium",2008,"0.0459495919922185","0.0434704878744526","0","0"
"469","Magnesium",2009,"0.0320211476017365","0.0536867331562846","0","0.16897011601448"
"470","Magnesium",2010,"0.0414969549975042","0.0617147308743249","0","0.287730644317017"
"471","Magnesium",2011,"0.102682653508163","0.232787082165824","0","0.291476758660132"
"472","Magnesium",2012,"0.0267723493790872","0.0820945798384656","0","0.278985644895065"
"473","Magnesium",2013,"0.0205000189254448","0.10234149615331","0.279065685339411","0.0751951690138428"
"474","Magnesium",2014,"0.0297872645667273","0.0306222945362386","0.152921122612077","0.903764033477149"
"475","Magnesium",2015,"0.0295666361172202","0.0268417455816068","0.0327304106089481","0.0907852503602079"
"476","Magnesium",2016,"0.0506255079263501","0.0513930435536323","0.185271698356849","0.140784357210217"
"477","Manganese",1998,"100+","100+","0","0"
"478","Manganese",1999,"100+","100+","0","0"
"479","Manganese",2000,"100+","86.5214686035809","0","0"
"480","Manganese",2001,"0.655515947235462","1.15398229276307","0","0"
"481","Manganese",2002,"100+","100+","0","0"
"482","Manganese",2003,"100+","100+","0","0"
"483","Manganese",2004,"27.9331532602434","6.75246779203872","0","0"
"484","Manganese",2005,"0.596054179487732","0.54464387022473","0","0"
"485","Manganese",2006,"0.325154916063306","0.813079733860177","0","0"
"486","Manganese",2007,"1.51836267721867","2.36603615724136","0","0"
"487","Manganese",2008,"21.9175181423835","32.3989177308464","0","0"
"488","Manganese",2009,"19.0041978130908","42.9903047118805","72.0270466532748","0.674249031007752"
"489","Manganese",2010,"2.20234689838499","4.72767578353063","0.944884213087824","100+"
"490","Manganese",2011,"46.4736094542853","-0.0452814785788924","0.963079743562116","-0.122776254229191"
"491","Manganese",2012,"27.9468920473159","14.2610013175231","-0.0686899440346752","78.6786645414214"
"492","Manganese",2013,"75.5585713976019","0","100+","73.1667099413247"
"493","Manganese",2014,"75.9459161326595","11.0340331890332","100+","100+"
"494","Manganese",2015,"71.5597847507764","19.0380255796371","82.2300573711237","100+"
"495","Mercury",1998,"0","0","0","0"
"496","Mercury",2005,"100+","0","0","0"
"497","Mercury",2006,"100+","100+","0","0"
"498","Mercury",2007,"0.273067619746911","0.0928794564692908","0","0"
"499","Mercury",2008,"0.27940998030817","0.226585984732335","0","0"
"500","Mercury",2009,"0.179674253277545","0.167393842477581","0","0"
"501","Mercury",2010,"0.15389262246803","0.0335468234523961","0","0"
"502","Mercury",2011,"0.1796996919396","0.00372222483013011","0","0"
"503","Mercury",2012,"100+","-0.00237038652428671","0","0"
"504","Mercury",2013,"100+","100+","0","0.568376068376068"
"505","Mercury",2014,"100+","100+","0","0"
"506","Mercury",2015,"100+","100+","0.0333341145833333","-0.0412313947801343"
"507","Mercury",2016,"100+","100+","0","100+"
"508","Methoxychlor",2005,"0.31559343018486","-0.0625","0","0"
"509","Methoxychlor",2006,"5.87084006777894","0","0","0"
"510","Methylosmoline",2014,"0.0063408376962413","0.00217563160084275","0","0"
"511","Methylosmoline",2015,"0.745049280222172","0.367928402731274","0","0"
"512","Methylosmoline",2016,"1.12483085997832","1.37312954512271","0","0"
"513","Metolachlor",2005,"100+","100+","0","0"
"514","Metolachlor",2006,"100+","100+","0","0"
"515","Metolachlor",2007,"0.239367112285769","0.920281185434965","0","0"
"516","Naphthalene",2008,"0.120378965162947","0","0","0"
"517","Naphthalene",2009,"-0.00540129095116307","0.0833333333333334","0","0"
"518","Nickel",1998,"100+","0.384722222602089","0","0"
"519","Nickel",1999,"100+","100+","0","0"
"520","Nickel",2001,"-0.389334548773249","-0.246682649268372","0","0"
"521","Nickel",2002,"100+","-0.0893937606070951","0","0"
"522","Nickel",2003,"3.96308675467921","3.07584260256275","0","0"
"523","Nickel",2004,"0.639277541714314","0.28080689534658","0","0"
"524","Nickel",2005,"0.533853320886317","0.603324550944491","0","0"
"525","Nickel",2006,"1.32238094183445","0.420255085887764","0","0"
"526","Nickel",2007,"0.469308595632433","0.296533328169742","0","0"
"527","Nickel",2008,"0.106224492612833","0.183154841833779","0","0"
"528","Nickel",2009,"0.0824817402005208","0.264311839250997","0","0"
"529","Nickel",2010,"0.119507126258283","0.0974894400789919","0","4.035145576995"
"530","Nickel",2011,"100+","100+","1.25714285714286","100+"
"531","Nickel",2012,"0.0719882369736855","100+","0","100+"
"532","Nickel",2013,"100+","100+","0","0.0820559250117885"
"533","Nickel",2014,"100+","100+","0","0.319412796647285"
"534","Nickel",2015,"100+","100+","0","0.0791226220649917"
"535","Nickel",2016,"100+","100+","0","0"
"536","Nitrates",1998,"0.0910842099065184","-0.00150826272773716","0","0"
"537","Nitrates",1999,"0.227043101779402","0.111534203539265","0","0"
"538","Nitrates",2000,"0.156032351430532","0.0945201865253678","0","0"
"539","Nitrates",2001,"0.312890539245677","0.0819170891724338","0","0"
"540","Nitrates",2002,"100+","0.171268627618447","0","0"
"541","Nitrates",2003,"0.0624898675673645","0.0615797619632516","0","0"
"542","Nitrates",2004,"0.0217662887723278","0.123313917170997","0","0"
"543","Nitrates",2005,"100+","0.161954550875895","0","0"
"544","Nitrates",2006,"0.326589828474528","0.185992450785863","0","0"
"545","Nitrates",2007,"0.20295896501282","0.131639148428161","0","0"
"546","Nitrates",2008,"0.125136690746257","0.0298901171907219","0","0"
"547","Nitrates",2009,"0.0663359403538753","0.214982095179415","0.958622679263042","0.413421107863255"
"548","Nitrates",2010,"0.0874347425078384","0.0447763100017596","1.03293443508451","0.0354164111296471"
"549","Nitrates",2011,"0.0341404707708609","0.0730000917206399","0.394662352759798","0.19618290307961"
"550","Nitrates",2012,"59.1025929327606","0.0991423514524774","0.0920292731916751","0.0232877347582233"
"551","Nitrates",2013,"0.0209060891940149","0.0541399062413464","1.64841397211744","0.0756741010196584"
"552","Nitrates",2014,"0.104703677264664","100+","0.117767162194773","0.107727345818551"
"553","Nitrates",2015,"0.0265256115527246","0.0252399885490698","0.197201220202953","0.107863380678384"
"554","Nitrates",2016,"0.0490968068342152","0.0329639468558059","0.221366961764227","0.549574143773921"
"555","Nitrites",1998,"0.176587301587302","-0.124669312169312","0","0"
"556","Nitrites",1999,"0.185429946256718","0.439002267573696","0","0"
"557","Nitrites",2000,"0.340687866266541","0.184953703703704","0","0"
"558","Nitrites",2001,"0.385781421307737","0.250738279808047","0","0"
"559","Nitrites",2002,"0.738747658773975","1.05911731601732","0","0"
"560","Nitrites",2003,"1.14642868413695","0.557489450761332","0","0"
"561","Nitrites",2004,"0.174951293946074","0.957357300459038","0","0"
"562","Nitrites",2005,"1.76950453978896","0.589955093964068","0","0"
"563","Nitrites",2006,"0.81571513824686","0.743691874381661","0","0"
"564","Nitrites",2007,"0.476652251501502","0.91718689063828","0","0"
"565","Nitrites",2008,"0.262678513484172","36.3549789943847","0","0"
"566","Nitrites",2009,"1.46202243484283","1.02191556429149","44.9988131726967","0.222905518394649"
"567","Nitrites",2010,"0.122926175946863","0.264719378026916","0.637743553017055","0.556141129638572"
"568","Nitrites",2011,"0.123772679592597","0.395365544146905","0.624984591362117","0.27304440796928"
"569","Nitrites",2012,"1.12599562352566","0.308417569604296","0.856707097326743","-0.0250693398791225"
"570","Nitrites",2013,"0.284065347284386","0.2681142708359","0.407015025142291","0.161577886986929"
"571","Nitrites",2014,"0.109729721442873","1.07281116529637","0.682226572286554","0.159612251617978"
"572","Nitrites",2015,"2.44651913368137","10.7977810055949","0.156552075227831","9.32677205361343"
"573","Nitrites",2016,"0.098893882210692","0.1857498634832","37.3747376188937","8.98253579694101"
"574","Organic nitrogen",2009,"0","100+","0","0.0792624840955436"
"575","Organic nitrogen",2010,"0","0.413810222740697","0","0"
"576","Organic nitrogen",2011,"0","-0.0416493055555556","0","0"
"577","Organic nitrogen",2012,"0","100+","0","0"
"578","Organic nitrogen",2013,"-0.0437339921814444","0","0","0"
"579","Organic nitrogen",2015,"0","0","0","-0.999913569576491"
"580","Orthophosphate-phosphorus",1998,"0.0845226124637889","0.47481086976701","0","0"
"581","Orthophosphate-phosphorus",1999,"0.125375708395222","0.32915175810584","0","0"
"582","Orthophosphate-phosphorus",2000,"0.302116115935155","0.58925200956451","0","0"
"583","Orthophosphate-phosphorus",2001,"0.220242133243192","0.280086192876891","0","0"
"584","Orthophosphate-phosphorus",2002,"0.509188269450376","0.799737419790611","0","0"
"585","Orthophosphate-phosphorus",2003,"6.9458607191119","1.00078976108344","0","0"
"586","Orthophosphate-phosphorus",2004,"25.9132727970229","17.1162215930717","0","0"
"587","Orthophosphate-phosphorus",2005,"7.76695011881585","6.18416017441785","0","0"
"588","Orthophosphate-phosphorus",2006,"0.689394960854653","1.84872355698259","0","0"
"589","Orthophosphate-phosphorus",2007,"0.763969967568183","1.02151234021423","0","0"
"590","Orthophosphate-phosphorus",2008,"0.610725170961882","0.60053732891864","0","0"
"591","Orthophosphate-phosphorus",2009,"0.357995013003805","0.528537633145482","25.4858081003934","0.421742762679093"
"592","Orthophosphate-phosphorus",2010,"0.563128056115788","0.377795020305848","0.455431916464018","0.446079064366282"
"593","Orthophosphate-phosphorus",2011,"17.0095742528763","44.6851792699403","0.331480409180554","69.9937269251081"
"594","Orthophosphate-phosphorus",2012,"12.0122966084623","27.4598937503585","0.127931070357201","44.1244641850199"
"595","Orthophosphate-phosphorus",2013,"6.80554095537921","10.2013475151141","0.706114512138661","4.76584873524436"
"596","Orthophosphate-phosphorus",2014,"1.86439367385266","49.7619952270383","88.3564829045338","100+"
"597","Orthophosphate-phosphorus",2015,"0.138584611979742","1.65894254037791","58.5637039829362","45.9895989193164"
"598","Orthophosphate-phosphorus",2016,"2.79333479590437","9.35220006266534","0.163238687649795","0.355333211234523"
"599","Oxygen saturation",2005,"0.00252335250169017","-0.00324134833101874","0","0"
"600","Oxygen saturation",2006,"0.0599644482553936","0.0216173303359199","0","0"
"601","Oxygen saturation",2007,"0.00619560364925609","0.00549092663700229","0","0"
"602","Oxygen saturation",2008,"0.00818502634059301","0.0080578966066694","0","0"
"603","Oxygen saturation",2009,"0.0010818365116513","0.00120276885245908","0.0463611312400029","0.0164826203743181"
"604","Oxygen saturation",2010,"0.00991408258853337","0.00832470596472897","0.085250216450622","0"
"605","Oxygen saturation",2011,"0.00623867911091008","0.00671623839658923","0.00175602160032144","0.0156658306177334"
"606","Oxygen saturation",2012,"0.00826502676967901","-0.000327567402467746","0.0114908498877341","0"
"607","Oxygen saturation",2013,"0.00953367328968707","0","0.127504822271099","0"
"608","Oxygen saturation",2014,"0.00642223670818583","0.00540260513937612","0.109444184680845","-0.00742733411671747"
"609","Oxygen saturation",2015,"0.00718041492662096","0.00597793797612886","0.0235139334280365","0.0232054898691956"
"610","Oxygen saturation",2016,"-0.000454751269442129","0.00564253054845147","0.0308461546385264","0.00121130738744564"
"611","p,p-DDD",2005,"100+","100+","0","0"
"612","p,p-DDD",2006,"0.830932102737814","0.357312162433901","0","0"
"613","p,p-DDD",2007,"0.303652779042792","0.530711664729791","0","0"
"614","p,p-DDE",2005,"100+","100+","0","0"
"615","p,p-DDE",2006,"0.342378152315648","0.396789887924329","0","0"
"616","p,p-DDE",2007,"0.0490174770666995","0.00824314574314574","0","0"
"617","p,p-DDT",1998,"100+","0","0","0"
"618","p,p-DDT",1999,"100+","100+","0","0"
"619","p,p-DDT",2000,"2.00891231393429","0.919735791826309","0","0"
"620","p,p-DDT",2001,"0.608011435597124","3.12518730025596","0","0"
"621","p,p-DDT",2002,"100+","1.57755903481432","0","0"
"622","p,p-DDT",2003,"100+","100+","0","0"
"623","p,p-DDT",2004,"100+","20.1529230685409","0","0"
"624","p,p-DDT",2005,"100+","100+","0","0"
"625","p,p-DDT",2006,"100+","100+","0","0"
"626","p,p-DDT",2007,"0.20292325144774","0.215214956730225","0","0"
"627","p,p-DDT",2008,"0.235019813757447","0.349151749151749","0","0"
"628","p,p-DDT",2009,"0.106888327721661","0.210779220779221","0","0"
"629","p,p-DDT",2010,"0.0810276679841897","-0.0227272727272727","0","0"
"630","p,p-DDT",2012,"-0.230768769230769","100+","0","100+"
"631","p,p-DDT",2013,"100+","-0.0227270283479961","0","-0.33332"
"632","p,p-DDT",2014,"0","0","0","0"
"633","p,p-DDT",2015,"0","0","0","0"
"634","p,p-DDT",2016,"0","0","0","0"
"635","PAHs",2002,"0","0","0","0"
"636","PCB 101",2003,"0","0","0","0"
"637","PCB 101",2008,"0.198048088010549","0","0","0"
"638","PCB 101",2009,"0.0576923076923077","0.666666666666667","0","0"
"639","PCB 118",2009,"0","0","0","0"
"640","PCB 138",2003,"0","0","0","0"
"641","PCB 138",2008,"0.0285714285714286","0","0","0"
"642","PCB 138",2009,"0.0635756192959583","0.666666666666667","0","0"
"643","PCB 153",2003,"0","0","0","0"
"644","PCB 153",2008,"0.0285714285714286","0","0","0"
"645","PCB 153",2009,"0.0576923076923077","0.666666666666667","0","0"
"646","PCB 180",2003,"0","0","0","0"
"647","PCB 180",2008,"0.133407434103019","0","0","0"
"648","PCB 180",2009,"0.0576923076923077","0.666666666666667","0","0"
"649","PCB 28",2003,"0","0","0","0"
"650","PCB 52",2003,"-0.0833333333333333","0","0","0"
"651","Pentachlorobenzene",2008,"0","0","0","0"
"652","Pentachlorobenzene",2009,"0","0","0","0"
"653","Petroleum hydrocarbons",2002,"0","0","0","0"
"654","Petroleum hydrocarbons",2004,"100+","100+","0","0"
"655","Petroleum hydrocarbons",2005,"100+","51.5755795403486","0","0"
"656","Petroleum hydrocarbons",2006,"59.9953799814869","64.0528771178201","0","0"
"657","Petroleum hydrocarbons",2007,"100+","100+","0","0"
"658","Petroleum hydrocarbons",2008,"0.0239287915230713","0.0195200787128338","0","0"
"659","Petroleum hydrocarbons",2009,"0.115141701960465","20.2726063777489","0","0"
"660","Petroleum hydrocarbons",2010,"0.950434981684982","1.76110487311925","0","0"
"661","Petroleum hydrocarbons",2011,"-0.079941568627451","-0.199941176470588","0","0"
"662","Petroleum hydrocarbons",2012,"100+","100+","0","0"
"663","Petroleum hydrocarbons",2014,"-0.0833328703703704","100+","0.00118518518518519","0"
"664","Petroleum hydrocarbons",2015,"100+","100+","100+","-0.1249375"
"665","Petroleum hydrocarbons",2016,"100+","100+","100+","0"
"666","Phenanthrene",2008,"0","0","0","0"
"667","Phenanthrene",2009,"0","0","0","0"
"668","Potassium",1998,"0.0184099639951047","0.0448052055546396","0","0"
"669","Potassium",1999,"0.0610743028964016","0.0780733226907676","0","0"
"670","Potassium",2000,"0.0336688073864549","0.056232819595911","0","0"
"671","Potassium",2001,"0.0345552821252563","0.0422338229026869","0","0"
"672","Potassium",2002,"0.0247924579273347","0","0","0"
"673","Potassium",2003,"0.0588389123829737","0","0","0"
"674","Potassium",2004,"0.0162147236969347","0","0","0"
"675","Potassium",2005,"0.0745502989731542","0.0771548790456354","0","0"
"676","Potassium",2006,"0.0190322076859072","0","0","0"
"677","Potassium",2007,"0.0546652149486227","0.0508050760192224","0","0"
"678","Potassium",2008,"0.0329637806104985","0.0348604452760463","0","0"
"679","Potassium",2009,"0.0212545072873139","0.03894902245469","0","0"
"680","Potassium",2010,"0.0291933410581238","-0.0214870310768315","0","0"
"681","Potassium",2011,"0.0327230615680583","0.054947058044936","0","0"
"682","Potassium",2012,"0.0351395189611148","-0.000227406973403085","0","0"
"683","Potassium",2013,"0.00794110564268421","0.00467220412196938","0","0"
"684","Potassium",2014,"0.0353829763772336","0.332779183475605","0.0127107428672764","0.0962924440189367"
"685","Potassium",2015,"0.00319166687122727","-0.00382530692412761","0","0.0406675701071672"
"686","Potassium",2016,"0.0108131506073096","-0.0226070177059736","0","0.437733554404197"
"687","Pyrene",2008,"0.323020800499104","0","0","0"
"688","Pyrene",2009,"0.0763305322128851","0","0","0"
"689","Selenium",2008,"0.581559984763241","4.04760351265654","0","0"
"690","Selenium",2009,"1.45977232706368","0.538578105238288","0","0"
"691","Silica (SiO2)",2003,"0.0172362016380624","0.0554790326071284","0","0"
"692","Silica (SiO2)",2004,"0.340282591602662","0.26852429449667","0","0"
"693","Silica (SiO2)",2005,"0.0818415813018431","0.0658441515611684","0","0"
"694","Silica (SiO2)",2006,"0.12955628147997","0.174630167825779","0","0"
"695","Silica (SiO2)",2007,"0.0258691676930301","0.0300508378863681","0","0"
"696","Silica (SiO2)",2008,"0.0488478888905688","0.0112078280478111","0","0"
"697","Silica (SiO2)",2009,"0.166479511441893","0.15846567344726","0","0"
"698","Silica (SiO2)",2010,"0.0589953173926766","0.00737396929255769","0","0"
"699","Silica (SiO2)",2012,"-0.0204416810083061","0.158087898497946","0","0"
"700","Silica (SiO2)",2014,"-0.423772117424081","0","0","0"
"701","Simazine",2005,"100+","-0.0647111509180475","0","0"
"702","Simazine",2006,"0.801922946719196","0.881139155240046","0","0"
"703","Simazine",2007,"0.00464336184687128","0.0150051120641934","0","0"
"704","Simazine",2009,"0.222222222222222","0.444444444444444","0","0"
"705","Sodium",1998,"0.0193927174223518","0.0324730775787837","0","0"
"706","Sodium",1999,"0.0699783517658392","0.0510787611615066","0","0"
"707","Sodium",2000,"0.00790285480147267","0.0155165833328382","0","0"
"708","Sodium",2001,"0.0507964308546692","0.0364258968786056","0","0"
"709","Sodium",2002,"0.0465929149688886","0","0","0"
"710","Sodium",2003,"0.0306197620688103","0","0","0"
"711","Sodium",2004,"-0.00197807605092793","0","0","0"
"712","Sodium",2005,"0.0156204964807445","0.278454211344822","0","0"
"713","Sodium",2006,"-0.00331586129531502","0","0","0"
"714","Sodium",2007,"0.0473705374489388","0.0578598670163439","0","0"
"715","Sodium",2008,"0.0672716749854984","-0.0118645872886888","0","0"
"716","Sodium",2009,"0.01498733160285","0.0250959423814815","0","0.437194810690467"
"717","Sodium",2010,"0.00559765500011582","-0.0312613955074231","0","0"
"718","Sodium",2011,"0.0696060360038427","0.0144803197929324","0","0"
"719","Sodium",2012,"0.0212200207985178","0.0154154729982719","0","0"
"720","Sodium",2013,"0.0267387898338786","-0.00950046718967849","0","0"
"721","Sodium",2014,"0.0133736672292479","0.237336331398652","-0.0260787680295952","0.202543354168404"
"722","Sodium",2015,"0.000413723108886456","0.00776630749770416","0","0.0861950451004352"
"723","Sodium",2016,"0.00635511412431803","-0.041089848444895","0","0.0884505033779261"
"724","Sulfides",2008,"0","0","0","0"
"725","Sulfides",2009,"0.0263714280694422","-0.00266238186864692","0","0"
"726","Sulfides",2012,"15.5143021556449","-0.0183716235032024","0","0"
"727","Sulphates",1998,"0.0315589757916055","0.0819452325604916","0","0"
"728","Sulphates",1999,"0.0378156292135703","0.00395444713660172","0","0"
"729","Sulphates",2000,"0.034664703081764","0.0365343227962418","0","0"
"730","Sulphates",2001,"0.0128645089335904","-0.0083275219662131","0","0"
"731","Sulphates",2002,"0.105946991642634","0.134597986158824","0","0"
"732","Sulphates",2003,"0.0920932010831757","0.199798899923669","0","0"
"733","Sulphates",2004,"0.0435018248432665","0.0338122087320484","0","0"
"734","Sulphates",2005,"0.0580915411827632","0.0769781973689328","0","0"
"735","Sulphates",2006,"0.0483956132258408","100+","0","0"
"736","Sulphates",2007,"0.0563089749509126","0.060316967145115","0","0"
"737","Sulphates",2008,"0.0217745865966044","0.00444281154781809","0","0"
"738","Sulphates",2009,"0.00951646768545877","0.0033905860595747","0.0970394736842105","0.699974572696692"
"739","Sulphates",2010,"0.0352701901125541","0.0170263390228766","0","1.1433871133588"
"740","Sulphates",2011,"0.0359204170088547","0.00939502754075673","0","0.0660932471456013"
"741","Sulphates",2012,"0.0624571421854467","0.0192522472317294","0","0.00518886919171381"
"742","Sulphates",2013,"0.0407173109266738","0.109174078474739","0.0257571029837326","0.195606392889802"
"743","Sulphates",2014,"0.0499861339614879","0.118232673410804","0.0423666809906101","0.0388244068811612"
"744","Sulphates",2015,"0.0311052493953993","0.00672098659261355","0.00520160606805419","0.145099120382034"
"745","Sulphates",2016,"0.0222005575980951","-0.0310836662576007","0.0236391048560364","0.740690552108735"
"746","Tetrachloromethane",2008,"0","0","0","0"
"747","Tetrachloromethane",2009,"0.176339922006136","0","0","0"
"748","Tetrachloromethane",2010,"-0.0391904478795085","-0.04","0","0"
"749","Total coliforms",1998,"100+","100+","0","0"
"750","Total coliforms",1999,"100+","100+","0","0"
"751","Total coliforms",2000,"13.5323631018888","100+","0","0"
"752","Total coliforms",2001,"23.3302586099388","9.40622236212987","0","0"
"753","Total coliforms",2002,"4.03734764334254","0.705882352941176","0","0"
"754","Total coliforms",2003,"21.2003906126248","21.3801936754694","0","0"
"755","Total coliforms",2004,"2.68846418036705","2.5413972500929","0","0"
"756","Total coliforms",2005,"20.9678737180546","13.3605194454919","0","0"
"757","Total coliforms",2006,"0.679518165148547","0","0","0"
"758","Total coliforms",2007,"100+","63.4330228361971","0","0"
"759","Total coliforms",2008,"36.9259346053583","12.1923036037123","0","0"
"760","Total coliforms",2009,"55.5880786238783","100+","0","6.70698885566035"
"761","Total coliforms",2010,"5.78015440143501","-0.304368471035138","0","0"
"762","Total coliforms",2011,"0.815957173085057","0","0","16.7815292442897"
"763","Total coliforms",2012,"1.37498012781788","0","0","0"
"764","Total coliforms",2013,"0.353315336979867","0","0","0"
"765","Total dissolved phosphorus",2015,"0.0884184362724806","0.14046042830291","0","0"
"766","Total dissolved phosphorus",2016,"0.0652130293818248","0.234599850928849","0","0"
"767","Total dissolved salts",2005,"0.0107817513484326","0.0285569648980682","0","0"
"768","Total dissolved salts",2006,"0.0455293399304079","100+","0","0"
"769","Total dissolved salts",2007,"0.0115358032917509","0.0170746415327871","0","0"
"770","Total dissolved salts",2008,"0.00656712424642116","0.00501133292120223","0","0"
"771","Total dissolved salts",2009,"0.00139448666271221","0.0171176026849271","-0.0262648930425398","0.151798950005315"
"772","Total dissolved salts",2010,"0.00974613383644992","0.0165469309626214","0.0569873347053054","0.1171675073472"
"773","Total dissolved salts",2011,"0.00455887172693057","0.00596881847824633","0.00993455616599828","0.0301318000456743"
"774","Total dissolved salts",2012,"0.0060140707391047","0.0130858541643576","0.0098123046741922","0.0935607181415118"
"775","Total dissolved salts",2013,"0.00993401279433809","0.0628912495383591","0.120078758817936","0.179953038369891"
"776","Total dissolved salts",2014,"0.00353210459187026","0.0345466200238036","0.0015224788229241","0.143116274130987"
"777","Total dissolved salts",2015,"0.00314663389262639","0.0158647781692261","0.00419566384490277","0.0152325261279655"
"778","Total dissolved salts",2016,"0.00785146846415761","0.0073990088877079","0.0236616717872179","0.0389350995646929"
"779","Total extractable matter",1999,"0.176323529411765","0","0","0"
"780","Total extractable matter",2000,"0.0543876041524944","-0.0841065592903828","0","0"
"781","Total extractable matter",2001,"0.107224900273029","0.119178232829549","0","0"
"782","Total extractable matter",2003,"2.69501674167328","1.38125","0","0"
"783","Total extractable matter",2004,"-0.166555555555556","0","0","0"
"784","Total extractable matter",2008,"0.822672304055283","6.44952604866398","0","0"
"785","Total extractable matter",2010,"-0.111983254840398","-0.0677083333333333","0","0"
"786","Total extractable matter",2014,"5.61904761904762","4.875","0","0"
"787","Total hardness",2005,"0.248538115978842","0.536320878694295","0","0"
"788","Total hardness",2006,"0.0674247257411974","0.00420134222236536","0","0"
"789","Total hardness",2007,"0.0127666409196584","0.0101764863841872","0","0"
"790","Total hardness",2008,"0.0586105782484925","0.004610096139756","0","0"
"791","Total hardness",2009,"3.00706984980107e-05","-0.00389139374792921","0","0"
"792","Total hardness",2010,"0.00160052819826869","0","0","0"
"793","Total hardness",2011,"-0.0410830164869871","0","0","0"
"794","Total hardness",2012,"-0.0102143953725346","-0.294762602714745","0","0"
"795","Total hardness",2014,"1.11650513588564","0.46423002664873","-0.0189619456819094","0.150205415572388"
"796","Total hardness",2015,"0.00580627008439195","0.0159291781338465","0.0447585684484841","-0.0207162354591675"
"797","Total hardness",2016,"0.00411151731930143","0.0052160419073037","0.0173383256249657","0.0521365619511799"
"798","Total nitrogen",2005,"0.0313165815138277","0.0461847899308464","0","0"
"799","Total nitrogen",2006,"0.0707481215780818","0.224478563880765","0","0"
"800","Total nitrogen",2007,"0.0678741562823412","0.081060183991647","0","0"
"801","Total nitrogen",2008,"0.00987254342144984","-0.00841841519597088","0","0"
"802","Total nitrogen",2009,"0.0361600773028738","0.101640460161898","0","0.0715791782938329"
"803","Total nitrogen",2010,"0.0332721813630765","0.0535014451290249","0","0.382854966975634"
"804","Total nitrogen",2011,"0.0163060813668258","100+","0","0"
"805","Total nitrogen",2012,"0.0295604251577183","100+","0","0.708065403839581"
"806","Total nitrogen",2013,"0.0250364155397588","0.0482562045018066","0.381363106880002","0.116888436451272"
"807","Total nitrogen",2014,"0.0362193244717088","0.0579876136626035","0.209712516217559","-0.00183150183150183"
"808","Total nitrogen",2015,"0.0144899697779237","0.0306195950170117","-0.0281625039609966","0.380056104309892"
"809","Total nitrogen",2016,"0.0145477687752392","0.0268947008428237","0.342006533558246","0.105641104683489"
"810","Total organic carbon",2008,"0.134810662027526","0.193284674619548","0","0"
"811","Total organic carbon",2009,"0.0641991403744278","0.105634781587502","0","0"
"812","Total organic carbon",2013,"0.0213796004331969","0","0.209787073120866","0"
"813","Total organic carbon",2014,"0.0311698792104205","0.0131318297926054","-0.0128709143834906","0"
"814","Total organic carbon",2015,"0.106558318827787","0.00261399347906557","0.0520889980887531","0"
"815","Total organic carbon",2016,"0.00927115373033388","0","0","0"
"816","Total phosphorus",1998,"0.0321804217024805","55.6140623387875","0","0"
"817","Total phosphorus",1999,"0.0790830594486834","0.628562946919438","0","0"
"818","Total phosphorus",2000,"0.304482666348351","0.661359201800378","0","0"
"819","Total phosphorus",2001,"0.107887229484872","0.0590150454121042","0","0"
"820","Total phosphorus",2002,"0.174673478124326","0.195536968941224","0","0"
"821","Total phosphorus",2003,"0.257363383348526","0.625877025453843","0","0"
"822","Total phosphorus",2004,"7.59752936418354","0.590061855732983","0","0"
"823","Total phosphorus",2005,"0.20472036987202","0.613667444530054","0","0"
"824","Total phosphorus",2006,"0.280742834155371","17.4778231345357","0","0"
"825","Total phosphorus",2007,"0.335738533388958","0.390534488522599","0","0"
"826","Total phosphorus",2008,"0.29366241246345","0.13844296351317","0","0"
"827","Total phosphorus",2009,"0.320559737645813","0.183059981564482","0.118524793883812","4.44601102937836"
"828","Total phosphorus",2010,"0.332938268245144","0.26750808991931","0.139204526792349","0.483428130651886"
"829","Total phosphorus",2011,"0.116400659886876","0.133609212106547","0.184375969748174","0.284994356565849"
"830","Total phosphorus",2012,"7.25265264578498","13.8147406810615","0.215009482470087","0.388753706014597"
"831","Total phosphorus",2013,"0.170568000347844","4.26835784527447","0.538225843132419","0.659562390721023"
"832","Total phosphorus",2014,"0.0824875712864536","0.676106898224359","0.0970876374918658","2.34847008446122"
"833","Total phosphorus",2015,"0.0580745707830403","0.143673253565046","0.0151766369319372","0.259147203779014"
"834","Total phosphorus",2016,"0.0763692035019012","0.2459274852656","0.087489318990401","0.183739523299289"
"835","Trifluralin",2009,"0","0","0","0"
"836","Water temperature",1998,"0.168149306897199","-0.129795692115218","0","0"
"837","Water temperature",1999,"100+","100+","0","0"
"838","Water temperature",2000,"0.0626157009084756","0.121156121425551","0","0"
"839","Water temperature",2001,"0.128702900338182","0.146645995873027","0","0"
"840","Water temperature",2002,"52.7101585966176","100+","0","0"
"841","Water temperature",2003,"0.0229090448022958","0.043724493389485","0","0"
"842","Water temperature",2004,"100+","100+","0","0"
"843","Water temperature",2005,"100+","0.377108528306076","0","0"
"844","Water temperature",2006,"100+","0.0740297607783418","0","0"
"845","Water temperature",2007,"0.124897509091379","0.115844650456318","0","0"
"846","Water temperature",2008,"100+","100+","0","0"
"847","Water temperature",2009,"0.0162262045112569","0.022933234471678","0.101892755936874","0.156904539703438"
"848","Water temperature",2010,"100+","0.206701025694924","0.203923010271824","0.462463702315074"
"849","Water temperature",2011,"0.0617167859509076","0.197141930065041","0.0626743754860098","1.57068565092632"
"850","Water temperature",2012,"0.114306516171823","0.088778938293175","100+","0.356881755774549"
"851","Water temperature",2013,"0.0809893195319402","0.15077274423678","0.317596171943998","0.471594692130028"
"852","Water temperature",2014,"0.0710542744795633","0.1975322045013","0.329985459637363","0.308877762724915"
"853","Water temperature",2015,"0.050064906502012","0.181868854454414","0.290497815415579","0.167266801817922"
"854","Water temperature",2016,"0.0296403555709189","0.0781285763468656","0.541293111391151","0.0694418387791571"
"855","Zinc",1998,"100+","0.65773739372279","0","0"
"856","Zinc",1999,"1.01845453583024","18.9821424907605","0","0"
"857","Zinc",2000,"0.82315131175931","0.422789735225046","0","0"
"858","Zinc",2001,"0.668557137543506","0.370296612811918","0","0"
"859","Zinc",2002,"100+","100+","0","0"
"860","Zinc",2003,"1.64317868519623","2.2211436894987","0","0"
"861","Zinc",2004,"100+","100+","0","0"
"862","Zinc",2005,"100+","100+","0","0"
"863","Zinc",2006,"0.55184480555442","1.16321662750301","0","0"
"864","Zinc",2007,"0.46790568830261","0.104342666459776","0","0"
"865","Zinc",2008,"0.192513437025032","0.325308461392399","0","0"
"866","Zinc",2009,"100+","100+","1.02857142857143","0.203866866533422"
"867","Zinc",2010,"100+","100+","0.916666666666667","0.271234271293088"
"868","Zinc",2011,"100+","0.167873909346939","0","0.211855918928845"
"869","Zinc",2012,"0.1263558039015","0.288613026819923","0","100+"
"870","Zinc",2013,"0.129533888955884","-0.0888888888888889","0","2.62175623297848"
"871","Zinc",2014,"1.05781705223389","0.611801242236025","0","6.15711689242946"
"872","Zinc",2015,"0","0.5","0.947877691745758","-0.058893244014594"
"873","Zinc",2016,"100+","100+","0","0"
